﻿<?xml version="1.0" encoding="utf-8" ?>
<Configuration>
  <RotateWorlds>false</RotateWorlds>
  <ShowDebugInfo>false</ShowDebugInfo>
  <IdleTimeout>10</IdleTimeout>
  <MasterVolume>0.65</MasterVolume>
  <StoppingPowerVolume>0.8</StoppingPowerVolume>
  <Profiling>false</Profiling>
  <ActivationEnabled>true</ActivationEnabled>
  
  <Display category="Display Settings">
    <AppWidth>1024</AppWidth>
    <AppHeight>1434</AppHeight>
    <MonitorIndex>0</MonitorIndex>
    <FullScreen>false</FullScreen>
  </Display>

  <!--<Render category="Render Settings">
    <Type>Vip.Framework.Rendering.Renderer</Type>
    <BackgroundColor>Black</BackgroundColor>
    <DisplayWidth>1024</DisplayWidth>
    <DisplayHeight>1434</DisplayHeight>
  </Render>-->

  <Render category="Render Settings">
    <Type>Vip.Framework.Rendering.SplittingRenderer</Type>
    <BackgroundColor>Black</BackgroundColor>
    <DisplayWidth>1024</DisplayWidth>
    <DisplayHeight>1536</DisplayHeight>

    <OverlapingHeight>102</OverlapingHeight>
    <ShowGrid>false</ShowGrid>
    <SplitPartWidth>1024</SplitPartWidth>
    <SplitPartHeight>768</SplitPartHeight>
  </Render>

  <InputManager>
    <InputType>Kinect</InputType>
    <CursorOpacity>1</CursorOpacity>
    <CursorScale>1</CursorScale>
    <MouseCursorResource>res:Cursors\mouse_cursor.xnb</MouseCursorResource>    
    <LeftHandPalmResource>res:Cursors\left_palm.xnb</LeftHandPalmResource>    
    <LeftHandFistResource>res:Cursors\left_fist.xnb</LeftHandFistResource>    
    <RightHandPalmResource>res:Cursors\right_palm.xnb</RightHandPalmResource>
    <RightHandFistResource>res:Cursors\right_fist.xnb</RightHandFistResource>    
  </InputManager>
  
  <Kinect>
    <KinectAngle>-24</KinectAngle>
    <SkeletonSmoothing>0</SkeletonSmoothing>
    <SkeletonCorrection>0</SkeletonCorrection>
    <SkeletonPrediction>0</SkeletonPrediction>
    <SkeletonJitterRadius>0</SkeletonJitterRadius>
    <SkeletonMaxDeviationRadius>0</SkeletonMaxDeviationRadius>

    <DistanceA>1.2</DistanceA>
    <DistanceB>0.8</DistanceB>
    <DistanceC>0.8</DistanceC>
    <DistanceD>2</DistanceD>

    <PositioningScale>0.9</PositioningScale>
    <PositioningLocation>512,1010</PositioningLocation>
    <ShowKinectView>false</ShowKinectView>
    <ShowWorkingArea>false</ShowWorkingArea>
    <SeatModeEnabled>false</SeatModeEnabled>

    <RightHandOffset>100</RightHandOffset>
    <LeftHandOffset>100</LeftHandOffset>
    
  </Kinect>

  <Motion>
    <UserDetectionType>DepthMotion</UserDetectionType>
    <EnableNewMotionDetector>True</EnableNewMotionDetector>
    <MotionVisualisation>False</MotionVisualisation>
    <CalibrationOffset>300</CalibrationOffset>
    <MotionDetectionRegion>
      <Left>100</Left>
      <Top>100</Top>
      <Width>100</Width>
      <Height>100</Height>
    </MotionDetectionRegion>
    <MotionLevel>0.005</MotionLevel>
  </Motion>
  
  
  <CursorSmooth>
    <CursorSmoothType>Avg</CursorSmoothType>
    <CursorSmooth>10</CursorSmooth>
    <CursorJitterMin>1</CursorJitterMin>
    <CursorJitterMax>1</CursorJitterMax>
    <CursorHorisontalCoef>20</CursorHorisontalCoef>
    <CursorVerticalCoef>16</CursorVerticalCoef>
  </CursorSmooth>

  <Logo>
    <Enabled>True</Enabled>
    <Location>BottomLeft</Location>
    <OffsetX>20</OffsetX>
    <OffsetY>-15</OffsetY>
    <Opacity>1</Opacity>
    <Scale>1</Scale>
  </Logo>
  
</Configuration>
