<?xml version="1.0"?>
<doc>
    <assembly>
        <name>VIP.Kinect.Api</name>
    </assembly>
    <members>
        <member name="T:VIP.Kinect.Api.IKinectServer">
            <summary>
            
            </summary>
        </member>
        <member name="M:VIP.Kinect.Api.IKinectServer.GetSensorAngle">
            <summary>
            Gets the sensor angle.
            </summary>
            <returns></returns>
        </member>
        <member name="M:VIP.Kinect.Api.IKinectServer.SetSensorAngle(System.Int32)">
            <summary>
            Sets the sensor angle.
            </summary>
            <param name="angle">The angle.</param>
        </member>
        <member name="M:VIP.Kinect.Api.IKinectServer.GetStatus">
            <summary>
            Gets the status.
            </summary>
            <returns></returns>
        </member>
        <member name="M:VIP.Kinect.Api.IKinectServer.GetColorFrame">
            <summary>
            Gets the color frame.
            </summary>
            <returns></returns>
        </member>
        <member name="M:VIP.Kinect.Api.IKinectServer.GetMotionDetectionFrame">
            <summary>
            Gets the motion detection frame.
            </summary>
            <returns></returns>
        </member>
        <member name="M:VIP.Kinect.Api.IKinectServer.GetDepthFrame">
            <summary>
            Gets the depth frame.
            </summary>
            <returns></returns>
        </member>
        <member name="M:VIP.Kinect.Api.IKinectServer.GetSkeletonsFrame">
            <summary>
            Gets the skeletons frame.
            </summary>
            <returns></returns>
        </member>
        <member name="M:VIP.Kinect.Api.IKinectServer.GetInteractionFrame">
            <summary>
            Gets the interaction frame.
            </summary>
            <returns></returns>
        </member>
        <member name="M:VIP.Kinect.Api.IKinectServer.SetMotionDetectionVisualisation(System.Boolean)">
            <summary>
            Sets the motion detection visualisation.
            </summary>
            <param name="value">if set to <c>true</c> [value].</param>
        </member>
        <member name="M:VIP.Kinect.Api.IKinectServer.EnableNewMotionDetector(System.Boolean)">
            <summary>
            Enables the new motion detector.
            </summary>
            <param name="value">if set to <c>true</c> [value].</param>
        </member>
        <member name="M:VIP.Kinect.Api.IKinectServer.SetCalibrationOffset(System.Int16)">
            <summary>
            Sets the calibration offset.
            </summary>
            <param name="value">The value.</param>
        </member>
        <member name="M:VIP.Kinect.Api.IKinectServer.GetActiveMinDepth">
            <summary>
            Gets the active minimum depth.
            </summary>
            <returns></returns>
        </member>
        <member name="M:VIP.Kinect.Api.IKinectServer.SetWorkingAreaConfiguration(VIP.Kinect.Api.Transport.WorkingAreaConfiguration)">
            <summary>
            Sets the working area configuration.
            Motion detection settings for old algorithm
            </summary>
            <param name="configuration">The configuration.</param>
        </member>
        <member name="M:VIP.Kinect.Api.IKinectServer.GetWorkingAreaConfiguration">
            <summary>
            Gets the working area configuration.
            </summary>
            <returns></returns>
        </member>
        <member name="M:VIP.Kinect.Api.IKinectServer.SetMotionDetectionRectangle(System.Drawing.Rectangle)">
            <summary>
            Sets the motion detection rectangle.
            </summary>
            <param name="area">The area.</param>
        </member>
        <member name="M:VIP.Kinect.Api.IKinectServer.GetMotionDetectionRectangle">
            <summary>
            Gets the motion detection rectangle.
            </summary>
            <returns></returns>
        </member>
        <member name="M:VIP.Kinect.Api.IKinectServer.SetMotionDetectionOptions(System.Int32,System.Int32,System.Int32)">
            <summary>
            Sets the motion detection options.
            </summary>
            <param name="ttl">The TTL.</param>
            <param name="motionHistoryLength">Length of the motion history.</param>
            <param name="minRectangleSquare">The minimum rectangle square.</param>
        </member>
        <member name="M:VIP.Kinect.Api.IKinectServer.MotionDetectionEnable">
            <summary>
            Motions the detection enable.
            </summary>
        </member>
        <member name="M:VIP.Kinect.Api.IKinectServer.MotionDetectionDisable">
            <summary>
            Motions the detection disable.
            </summary>
        </member>
        <member name="M:VIP.Kinect.Api.IKinectServer.SetMotionDetectionLevel(System.Single)">
            <summary>
            Sets the motion detection level.
            </summary>
            <param name="level">The level.</param>
        </member>
        <member name="M:VIP.Kinect.Api.IKinectServer.GetMotionDetectionLevel">
            <summary>
            Gets the motion detection level.
            </summary>
            <returns></returns>
        </member>
        <member name="M:VIP.Kinect.Api.IKinectServer.GetDetectedGesture">
            <summary>
            Gets the detected gesture.
            </summary>
            <returns></returns>
        </member>
        <member name="M:VIP.Kinect.Api.IKinectServer.SetSmoothing(VIP.Kinect.Api.Transport.SkeletonSmoothing)">
            <summary>
            Sets the smoothing.
            </summary>
            <param name="smoothing">The smoothing.</param>
        </member>
        <member name="M:VIP.Kinect.Api.IKinectServer.GetEnabledGestures">
            <summary>
            Gets the enabled gestures.
            </summary>
            <returns></returns>
        </member>
        <member name="M:VIP.Kinect.Api.IKinectServer.SetEnabledGestures(System.String[])">
            <summary>
            Sets the enabled gestures.
            </summary>
            <param name="enabledNames">The enabled names.</param>
        </member>
        <member name="P:VIP.Kinect.Api.IKinectServer.SensorConnected">
            <summary>
            Gets a value indicating whether [sensor connected].
            </summary>
            <value>
              <c>true</c> if [sensor connected]; otherwise, <c>false</c>.
            </value>
        </member>
        <member name="T:VIP.Kinect.Api.ColorFrameReady">
            <summary>
            
            </summary>
            <param name="frame">The frame.</param>
        </member>
        <member name="T:VIP.Kinect.Api.MotionDetectionFrameReady">
            <summary>
            
            </summary>
            <param name="frame">The frame.</param>
        </member>
        <member name="T:VIP.Kinect.Api.DepthFrameReady">
            <summary>
            
            </summary>
            <param name="frame">The frame.</param>
        </member>
        <member name="T:VIP.Kinect.Api.SkeletonFrameReady">
            <summary>
            
            </summary>
            <param name="frame">The frame.</param>
        </member>
        <member name="T:VIP.Kinect.Api.InteractionFrameReady">
            <summary>
            
            </summary>
            <param name="frame">The frame.</param>
        </member>
        <member name="T:VIP.Kinect.Api.GestureReady">
            <summary>
            
            </summary>
            <param name="gesture">The gesture.</param>
        </member>
        <member name="T:VIP.Kinect.Api.KinectClient">
            <summary>
            Provider for the Kinect Hardware
            </summary>
        </member>
        <member name="F:VIP.Kinect.Api.KinectClient.ColorFrameRequired">
            <summary>
            The color frame required
            </summary>
        </member>
        <member name="M:VIP.Kinect.Api.KinectClient.#ctor(System.Boolean)">
            <summary>
            Initializes a new instance of the <see cref="T:VIP.Kinect.Api.KinectClient"/> class.
            </summary>
            <param name="storeEnabled">if set to <c>true</c> [store enabled].</param>
        </member>
        <member name="M:VIP.Kinect.Api.KinectClient.DoWork">
            <summary>
            Does the work.
            </summary>
        </member>
        <member name="M:VIP.Kinect.Api.KinectClient.Dispose">
            <summary>
            Performs application-defined tasks associated with freeing, releasing, or resetting unmanaged resources.
            </summary>
        </member>
        <member name="M:VIP.Kinect.Api.KinectClient.CheckIsUserTopHand(VIP.Kinect.Api.Transport.SkeletonFrame)">
            <summary>
            Checks the is user top hand.
            </summary>
            <param name="skeletonsFrame">The skeletons frame.</param>
            <returns></returns>
        </member>
        <member name="M:VIP.Kinect.Api.KinectClient.SetSmoothing(VIP.Kinect.Api.Transport.SkeletonSmoothing)">
            <summary>
            Sets the smoothing.
            </summary>
            <param name="smoothing">The smoothing.</param>
        </member>
        <member name="M:VIP.Kinect.Api.KinectClient.GetEnabledGestures">
            <summary>
            Gets the enabled gestures.
            </summary>
            <returns></returns>
        </member>
        <member name="M:VIP.Kinect.Api.KinectClient.SetEnabledGestures(System.String[])">
            <summary>
            Sets the enabled gestures.
            </summary>
            <param name="enabledNames">The enabled names.</param>
        </member>
        <member name="M:VIP.Kinect.Api.KinectClient.SetMotionDetectionRectangle(System.Drawing.Rectangle)">
            <summary>
            Sets the motion detection rectangle.
            </summary>
            <param name="area">The area.</param>
        </member>
        <member name="M:VIP.Kinect.Api.KinectClient.SetMotionDetectionLevel(System.Single)">
            <summary>
            Sets the motion detection level.
            </summary>
            <param name="level">The level.</param>
        </member>
        <member name="M:VIP.Kinect.Api.KinectClient.SetMotionDetectionOptions(System.Int32,System.Int32,System.Int32)">
            <summary>
            Sets the motion detection options.
            </summary>
            <param name="ttl">The TTL.</param>
            <param name="motionHistoryLength">Length of the motion history.</param>
            <param name="minRectangleSquare">The minimum rectangle square.</param>
        </member>
        <member name="P:VIP.Kinect.Api.KinectClient.LastFrameReceived">
            <summary>
            Gets the last frame received.
            </summary>
            <value>
            The last frame received.
            </value>
        </member>
        <member name="P:VIP.Kinect.Api.KinectClient.KinectServer">
            <summary>
            Gets the kinect server.
            </summary>
            <value>
            The kinect server.
            </value>
        </member>
        <member name="P:VIP.Kinect.Api.KinectClient.Connected">
            <summary>
            Gets a value indicating whether this <see cref="T:VIP.Kinect.Api.KinectClient"/> is connected.
            </summary>
            <value>
              <c>true</c> if connected; otherwise, <c>false</c>.
            </value>
        </member>
        <member name="E:VIP.Kinect.Api.KinectClient.ColorFrameReady">
            <summary>
            Occurs when [color frame ready].
            </summary>
        </member>
        <member name="E:VIP.Kinect.Api.KinectClient.MotionDetectionFrameReady">
            <summary>
            Occurs when [motion detection frame ready].
            </summary>
        </member>
        <member name="E:VIP.Kinect.Api.KinectClient.DepthFrameReady">
            <summary>
            Occurs when [depth frame ready].
            </summary>
        </member>
        <member name="E:VIP.Kinect.Api.KinectClient.SkeletonFrameReady">
            <summary>
            Occurs when [skeleton frame ready].
            </summary>
        </member>
        <member name="E:VIP.Kinect.Api.KinectClient.InteractionFrameReady">
            <summary>
            Occurs when [interaction frame ready].
            </summary>
        </member>
        <member name="E:VIP.Kinect.Api.KinectClient.GestureReady">
            <summary>
            Occurs when [gesture ready].
            </summary>
        </member>
        <member name="E:VIP.Kinect.Api.KinectClient.MotionDetected">
            <summary>
            Occurs when [motion detected].
            </summary>
        </member>
        <member name="E:VIP.Kinect.Api.KinectClient.MotionDetectionLost">
            <summary>
            Occurs when [motion detection lost].
            </summary>
        </member>
        <member name="E:VIP.Kinect.Api.KinectClient.ConnectedReady">
            <summary>
            Occurs when [connected ready].
            </summary>
        </member>
        <member name="E:VIP.Kinect.Api.KinectClient.OnUserTopHandDetected">
            <summary>
            Occurs when [on user top hand detected].
            </summary>
        </member>
        <member name="T:VIP.Kinect.Api.Transport.AreaType">
            <summary>
            
            </summary>
        </member>
        <member name="T:VIP.Kinect.Api.Transport.ColorFrame">
            <summary>
            
            </summary>
        </member>
        <member name="P:VIP.Kinect.Api.Transport.ColorFrame.Width">
            <summary>
            Gets or sets the width.
            </summary>
            <value>
            The width.
            </value>
        </member>
        <member name="P:VIP.Kinect.Api.Transport.ColorFrame.Height">
            <summary>
            Gets or sets the height.
            </summary>
            <value>
            The height.
            </value>
        </member>
        <member name="P:VIP.Kinect.Api.Transport.ColorFrame.Data">
            <summary>
            Gets or sets the data.
            </summary>
            <value>
            The data.
            </value>
        </member>
        <member name="F:VIP.Kinect.Api.Transport.DepthFrame.PlayerIndexes">
            <summary>
            Gets or sets the Depth Image Pixel.
            </summary>
            <value>
            The data.
            </value>
        </member>
        <member name="P:VIP.Kinect.Api.Transport.DepthFrame.Width">
            <summary>
            Gets or sets the width.
            </summary>
            <value>
            The width.
            </value>
        </member>
        <member name="P:VIP.Kinect.Api.Transport.DepthFrame.Height">
            <summary>
            Gets or sets the height.
            </summary>
            <value>
            The height.
            </value>
        </member>
        <member name="P:VIP.Kinect.Api.Transport.DepthFrame.Data">
            <summary>
            Gets or sets the data.
            </summary>
            <value>
            The data.
            </value>
        </member>
        <member name="F:VIP.Kinect.Api.Transport.FramesStore._frames">
            <summary>
            The _frames
            </summary>
        </member>
        <member name="M:VIP.Kinect.Api.Transport.FramesStore.#ctor(System.String)">
            <summary>
            Initializes a new instance of the <see cref="T:VIP.Kinect.Api.Transport.FramesStore"/> class.
            </summary>
            <param name="fileName">Name of the file.</param>
        </member>
        <member name="M:VIP.Kinect.Api.Transport.FramesStore.Terminate">
            <summary>
            Terminates this instance.
            </summary>
        </member>
        <member name="M:VIP.Kinect.Api.Transport.FramesStore.DoStore">
            <summary>
            Does the store.
            </summary>
        </member>
        <member name="M:VIP.Kinect.Api.Transport.FramesStore.Store(VIP.Kinect.Api.Transport.SkeletonFrame)">
            <summary>
            Stores the specified frame.
            </summary>
            <param name="frame">The frame.</param>
        </member>
        <member name="M:VIP.Kinect.Api.Transport.FramesStore.Store(VIP.Kinect.Api.Transport.InteractionFrame)">
            <summary>
            Stores the specified frame.
            </summary>
            <param name="frame">The frame.</param>
        </member>
        <member name="T:VIP.Kinect.Api.Transport.FramesStore.FrameType">
            <summary>
            
            </summary>
        </member>
        <member name="M:VIP.Kinect.Api.Transport.SkeletonFrameWriter.WriteFrame(System.IO.BinaryWriter,VIP.Kinect.Api.Transport.SkeletonFrame)">
            <summary>
            Writes the frame.
            </summary>
            <param name="writer">The writer.</param>
            <param name="frame">The frame.</param>
        </member>
        <member name="M:VIP.Kinect.Api.Transport.SkeletonFrameWriter.WriteJoint(System.IO.BinaryWriter,VIP.Kinect.Api.Transport.SkeletonJoint)">
            <summary>
            Writes the joint.
            </summary>
            <param name="writer">The writer.</param>
            <param name="joint">The joint.</param>
        </member>
        <member name="M:VIP.Kinect.Api.Transport.InteractionFrameWriter.WriteFrame(System.IO.BinaryWriter,VIP.Kinect.Api.Transport.InteractionFrame)">
            <summary>
            Writes the frame.
            </summary>
            <param name="writer">The writer.</param>
            <param name="frame">The frame.</param>
        </member>
        <member name="F:VIP.Kinect.Api.Transport.Gestures.SwipeRightName">
            <summary>
            The swipe right name
            </summary>
        </member>
        <member name="F:VIP.Kinect.Api.Transport.Gestures.SwipeLeftName">
            <summary>
            The swipe left name
            </summary>
        </member>
        <member name="F:VIP.Kinect.Api.Transport.Gestures.SwipeVerticalRightName">
            <summary>
            The swipe vertical right name
            </summary>
        </member>
        <member name="F:VIP.Kinect.Api.Transport.Gestures.SwipeVerticalLeftName">
            <summary>
            The swipe vertical left name
            </summary>
        </member>
        <member name="F:VIP.Kinect.Api.Transport.Gestures.ZoomInName">
            <summary>
            The zoom in name
            </summary>
        </member>
        <member name="F:VIP.Kinect.Api.Transport.Gestures.ZoomOutName">
            <summary>
            The zoom out name
            </summary>
        </member>
        <member name="F:VIP.Kinect.Api.Transport.Gestures.WaveRightName">
            <summary>
            The wave right name
            </summary>
        </member>
        <member name="F:VIP.Kinect.Api.Transport.Gestures.WaveLeftName">
            <summary>
            The wave left name
            </summary>
        </member>
        <member name="F:VIP.Kinect.Api.Transport.Gestures.RaiseHandRightName">
            <summary>
            The raise hand right name
            </summary>
        </member>
        <member name="F:VIP.Kinect.Api.Transport.Gestures.RaiseHandLeftName">
            <summary>
            The raise hand left name
            </summary>
        </member>
        <member name="T:VIP.Kinect.Api.Transport.HandType">
            <summary>
            
            </summary>
        </member>
        <member name="T:VIP.Kinect.Api.Transport.InteractionFrame">
            <summary>
            
            </summary>
        </member>
        <member name="F:VIP.Kinect.Api.Transport.InteractionFrame.Hands">
            <summary>
            The hands
            </summary>
        </member>
        <member name="M:VIP.Kinect.Api.Transport.InteractionFrame.#ctor">
            <summary>
            Initializes a new instance of the <see cref="T:VIP.Kinect.Api.Transport.InteractionFrame"/> class.
            </summary>
        </member>
        <member name="P:VIP.Kinect.Api.Transport.InteractionFrame.PrimaryId">
            <summary>
            Gets or sets the primary identifier.
            </summary>
            <value>
            The primary identifier.
            </value>
        </member>
        <member name="T:VIP.Kinect.Api.Transport.JointState">
            <summary>
            
            </summary>
        </member>
        <member name="T:VIP.Kinect.Api.Transport.MotionDetectionResult">
            <summary>
            
            </summary>
        </member>
        <member name="P:VIP.Kinect.Api.Transport.MotionDetectionResult.MotionDirection">
            <summary>
            Gets or sets the motion direction.
            </summary>
            <value>
            The motion direction.
            </value>
        </member>
        <member name="P:VIP.Kinect.Api.Transport.MotionDetectionResult.ColorFrame">
            <summary>
            Gets or sets the color frame.
            </summary>
            <value>
            The color frame.
            </value>
        </member>
        <member name="T:VIP.Kinect.Api.Transport.MotionDetectionZone">
            <summary>
            
            </summary>
        </member>
        <member name="F:VIP.Kinect.Api.Transport.MotionDetectionZone.Name">
            <summary>
            The name
            </summary>
        </member>
        <member name="F:VIP.Kinect.Api.Transport.MotionDetectionZone.Rectangle">
            <summary>
            The rectangle
            </summary>
        </member>
        <member name="M:VIP.Kinect.Api.Transport.MotionDetectionZone.#ctor(System.String,System.Drawing.Rectangle)">
            <summary>
            Initializes a new instance of the <see cref="T:VIP.Kinect.Api.Transport.MotionDetectionZone"/> class.
            </summary>
            <param name="name">The name.</param>
            <param name="rectangle">The rectangle.</param>
        </member>
        <member name="M:VIP.Kinect.Api.Transport.SkeletonFrame.#ctor">
            <summary>
            Initializes a new instance of the <see cref="T:VIP.Kinect.Api.Transport.SkeletonFrame"/> class.
            </summary>
        </member>
        <member name="P:VIP.Kinect.Api.Transport.SkeletonFrame.Data">
            <summary>
            Gets or sets the data.
            </summary>
            <value>
            The data.
            </value>
        </member>
        <member name="P:VIP.Kinect.Api.Transport.SkeletonFrame.NewUsers">
            <summary>
            Gets or sets the new users.
            </summary>
            <value>
            The new users.
            </value>
        </member>
        <member name="P:VIP.Kinect.Api.Transport.SkeletonFrame.LostUsers">
            <summary>
            Gets or sets the lost users.
            </summary>
            <value>
            The lost users.
            </value>
        </member>
        <member name="P:VIP.Kinect.Api.Transport.SkeletonFrame.PrimaryId">
            <summary>
            Gets or sets the primary identifier.
            </summary>
            <value>
            The primary identifier.
            </value>
        </member>
        <member name="F:VIP.Kinect.Api.Transport.TSkeletonInfo.JHipCenter">
            <summary>
            The j hip center
            </summary>
        </member>
        <member name="F:VIP.Kinect.Api.Transport.TSkeletonInfo.JSpine">
            <summary>
            The j spine
            </summary>
        </member>
        <member name="F:VIP.Kinect.Api.Transport.TSkeletonInfo.JShoulderCenter">
            <summary>
            The j shoulder center
            </summary>
        </member>
        <member name="F:VIP.Kinect.Api.Transport.TSkeletonInfo.JHead">
            <summary>
            The j head
            </summary>
        </member>
        <member name="F:VIP.Kinect.Api.Transport.TSkeletonInfo.JShoulderLeft">
            <summary>
            The j shoulder left
            </summary>
        </member>
        <member name="F:VIP.Kinect.Api.Transport.TSkeletonInfo.JElbowLeft">
            <summary>
            The j elbow left
            </summary>
        </member>
        <member name="F:VIP.Kinect.Api.Transport.TSkeletonInfo.JWristLeft">
            <summary>
            The j wrist left
            </summary>
        </member>
        <member name="F:VIP.Kinect.Api.Transport.TSkeletonInfo.JHandLeft">
            <summary>
            The j hand left
            </summary>
        </member>
        <member name="F:VIP.Kinect.Api.Transport.TSkeletonInfo.JShoulderRight">
            <summary>
            The j shoulder right
            </summary>
        </member>
        <member name="F:VIP.Kinect.Api.Transport.TSkeletonInfo.JElbowRight">
            <summary>
            The j elbow right
            </summary>
        </member>
        <member name="F:VIP.Kinect.Api.Transport.TSkeletonInfo.JWristRight">
            <summary>
            The j wrist right
            </summary>
        </member>
        <member name="F:VIP.Kinect.Api.Transport.TSkeletonInfo.JHandRight">
            <summary>
            The j hand right
            </summary>
        </member>
        <member name="F:VIP.Kinect.Api.Transport.TSkeletonInfo.JHipLeft">
            <summary>
            The j hip left
            </summary>
        </member>
        <member name="F:VIP.Kinect.Api.Transport.TSkeletonInfo.JKneeLeft">
            <summary>
            The j knee left
            </summary>
        </member>
        <member name="F:VIP.Kinect.Api.Transport.TSkeletonInfo.JAnkleLeft">
            <summary>
            The j ankle left
            </summary>
        </member>
        <member name="F:VIP.Kinect.Api.Transport.TSkeletonInfo.JFootLeft">
            <summary>
            The j foot left
            </summary>
        </member>
        <member name="F:VIP.Kinect.Api.Transport.TSkeletonInfo.JHipRight">
            <summary>
            The j hip right
            </summary>
        </member>
        <member name="F:VIP.Kinect.Api.Transport.TSkeletonInfo.JKneeRight">
            <summary>
            The j knee right
            </summary>
        </member>
        <member name="F:VIP.Kinect.Api.Transport.TSkeletonInfo.JAnkleRight">
            <summary>
            The j ankle right
            </summary>
        </member>
        <member name="F:VIP.Kinect.Api.Transport.TSkeletonInfo.JFootRight">
            <summary>
            The j foot right
            </summary>
        </member>
        <member name="M:VIP.Kinect.Api.Transport.TSkeletonInfo.#ctor">
            <summary>
            Initializes a new instance of the <see cref="T:VIP.Kinect.Api.Transport.TSkeletonInfo"/> class.
            </summary>
        </member>
        <member name="P:VIP.Kinect.Api.Transport.TSkeletonInfo.Id">
            <summary>
            Gets or sets the identifier.
            </summary>
            <value>
            The identifier.
            </value>
        </member>
        <member name="P:VIP.Kinect.Api.Transport.TSkeletonInfo.Position">
            <summary>
            Gets or sets the position.
            </summary>
            <value>
            The position.
            </value>
        </member>
        <member name="P:VIP.Kinect.Api.Transport.TSkeletonInfo.DepthPosition">
            <summary>
            Gets or sets the depth position.
            </summary>
            <value>
            The depth position.
            </value>
        </member>
        <member name="P:VIP.Kinect.Api.Transport.TSkeletonInfo.ColorPosition">
            <summary>
            Gets or sets the color position.
            </summary>
            <value>
            The color position.
            </value>
        </member>
        <member name="P:VIP.Kinect.Api.Transport.TSkeletonInfo.TrackingState">
            <summary>
            Gets or sets the state of the tracking.
            </summary>
            <value>
            The state of the tracking.
            </value>
        </member>
        <member name="P:VIP.Kinect.Api.Transport.TSkeletonInfo.AreaType">
            <summary>
            Gets or sets the type of the area.
            </summary>
            <value>
            The type of the area.
            </value>
        </member>
        <member name="P:VIP.Kinect.Api.Transport.TSkeletonInfo.Joints">
            <summary>
            Gets the joints.
            </summary>
            <value>
            The joints.
            </value>
        </member>
        <member name="M:VIP.Kinect.Api.Transport.SkeletonJoint.#ctor">
            <summary>
            Initializes a new instance of the <see cref="T:VIP.Kinect.Api.Transport.SkeletonJoint"/> class.
            </summary>
        </member>
        <member name="P:VIP.Kinect.Api.Transport.SkeletonJoint.Position">
            <summary>
            Gets or sets the position.
            </summary>
            <value>
            The position.
            </value>
        </member>
        <member name="P:VIP.Kinect.Api.Transport.SkeletonJoint.State">
            <summary>
            Gets or sets the state.
            </summary>
            <value>
            The state.
            </value>
        </member>
        <member name="P:VIP.Kinect.Api.Transport.SkeletonJoint.DepthPosition">
            <summary>
            Gets or sets the depth position.
            </summary>
            <value>
            The depth position.
            </value>
        </member>
        <member name="P:VIP.Kinect.Api.Transport.SkeletonJoint.ColorPosition">
            <summary>
            Gets or sets the color position.
            </summary>
            <value>
            The color position.
            </value>
        </member>
        <member name="M:VIP.Kinect.Api.Transport.SkeletonSmoothing.#ctor">
            <summary>
            Initializes a new instance of the <see cref="T:VIP.Kinect.Api.Transport.SkeletonSmoothing"/> class.
            </summary>
        </member>
        <member name="M:VIP.Kinect.Api.Transport.SkeletonSmoothing.Equals(System.Object)">
            <summary>
            Determines whether the specified <see cref="T:System.Object"/>, is equal to this instance.
            </summary>
            <param name="obj">The <see cref="T:System.Object"/> to compare with this instance.</param>
            <returns>
              <c>true</c> if the specified <see cref="T:System.Object"/> is equal to this instance; otherwise, <c>false</c>.
            </returns>
        </member>
        <member name="P:VIP.Kinect.Api.Transport.SkeletonSmoothing.Smoothing">
            <summary>
            Gets or sets the smoothing value.
            
            </summary>
        </member>
        <member name="P:VIP.Kinect.Api.Transport.SkeletonSmoothing.Correction">
            <summary>
            Gets or sets the correction value.
            
            </summary>
        </member>
        <member name="P:VIP.Kinect.Api.Transport.SkeletonSmoothing.Prediction">
            <summary>
            Gets or sets the prediction value.
            
            </summary>
        </member>
        <member name="P:VIP.Kinect.Api.Transport.SkeletonSmoothing.JitterRadius">
            <summary>
            Gets or sets the jitter radius value.
            
            </summary>
        </member>
        <member name="P:VIP.Kinect.Api.Transport.SkeletonSmoothing.MaxDeviationRadius">
            <summary>
            Gets or sets the maximum deviation radius value.
            
            </summary>
        </member>
        <member name="P:VIP.Kinect.Api.Transport.SkeletonSmoothing.SeatedMode">
            <summary>
            Gets or sets a value indicating whether [seated mode].
            </summary>
            <value>
              <c>true</c> if [seated mode]; otherwise, <c>false</c>.
            </value>
        </member>
        <member name="T:VIP.Kinect.Api.Transport.SkeletonState">
            <summary>
            
            </summary>
        </member>
        <member name="P:VIP.Kinect.Api.Transport.StatusInformation.ColorFrameReady">
            <summary>
            Gets or sets a value indicating whether [color frame ready].
            </summary>
            <value>
              <c>true</c> if [color frame ready]; otherwise, <c>false</c>.
            </value>
        </member>
        <member name="P:VIP.Kinect.Api.Transport.StatusInformation.DepthFrameReady">
            <summary>
            Gets or sets a value indicating whether [depth frame ready].
            </summary>
            <value>
              <c>true</c> if [depth frame ready]; otherwise, <c>false</c>.
            </value>
        </member>
        <member name="P:VIP.Kinect.Api.Transport.StatusInformation.MotionDetectionFrameReady">
            <summary>
            Gets or sets a value indicating whether [motion detection frame ready].
            </summary>
            <value>
            <c>true</c> if [motion detection frame ready]; otherwise, <c>false</c>.
            </value>
        </member>
        <member name="P:VIP.Kinect.Api.Transport.StatusInformation.SkeletonsFrameReady">
            <summary>
            Gets or sets a value indicating whether [skeletons frame ready].
            </summary>
            <value>
              <c>true</c> if [skeletons frame ready]; otherwise, <c>false</c>.
            </value>
        </member>
        <member name="P:VIP.Kinect.Api.Transport.StatusInformation.InteractionFrameReady">
            <summary>
            Gets or sets a value indicating whether [interaction frame ready].
            </summary>
            <value>
            <c>true</c> if [interaction frame ready]; otherwise, <c>false</c>.
            </value>
        </member>
        <member name="P:VIP.Kinect.Api.Transport.StatusInformation.MotionDetected">
            <summary>
            Gets or sets a value indicating whether [motion detected].
            </summary>
            <value>
              <c>true</c> if [motion detected]; otherwise, <c>false</c>.
            </value>
        </member>
        <member name="P:VIP.Kinect.Api.Transport.StatusInformation.GestureDetected">
            <summary>
            Gets or sets a value indicating whether [gesture detected].
            </summary>
            <value>
              <c>true</c> if [gesture detected]; otherwise, <c>false</c>.
            </value>
        </member>
        <member name="F:VIP.Kinect.Api.Transport.TUserHand.frameCounter">
            <summary>
            The frame counter
            </summary>
        </member>
        <member name="P:VIP.Kinect.Api.Transport.TUserHand.Id">
            <summary>
            Gets or sets the identifier.
            </summary>
            <value>
            The identifier.
            </value>
        </member>
        <member name="P:VIP.Kinect.Api.Transport.TUserHand.IsGrip">
            <summary>
            Gets or sets a value indicating whether this instance is grip.
            </summary>
            <value>
              <c>true</c> if this instance is grip; otherwise, <c>false</c>.
            </value>
        </member>
        <member name="P:VIP.Kinect.Api.Transport.TUserHand.HandType">
            <summary>
            Gets or sets the type of the hand.
            </summary>
            <value>
            The type of the hand.
            </value>
        </member>
        <member name="P:VIP.Kinect.Api.Transport.TUserHand.IsPrimaryForUser">
            <summary>
            Gets or sets a value indicating whether this instance is primary for user.
            </summary>
            <value>
            <c>true</c> if this instance is primary for user; otherwise, <c>false</c>.
            </value>
        </member>
        <member name="P:VIP.Kinect.Api.Transport.TUserHand.IsTracked">
            <summary>
            Gets or sets a value indicating whether this instance is tracked.
            </summary>
            <value>
            <c>true</c> if this instance is tracked; otherwise, <c>false</c>.
            </value>
        </member>
        <member name="P:VIP.Kinect.Api.Transport.TUserHand.IsActive">
            <summary>
            Gets or sets a value indicating whether this instance is active.
            </summary>
            <value>
              <c>true</c> if this instance is active; otherwise, <c>false</c>.
            </value>
        </member>
        <member name="P:VIP.Kinect.Api.Transport.TUserHand.IsInteractive">
            <summary>
            Gets or sets a value indicating whether this instance is interactive.
            </summary>
            <value>
            <c>true</c> if this instance is interactive; otherwise, <c>false</c>.
            </value>
        </member>
        <member name="P:VIP.Kinect.Api.Transport.TUserHand.IsPressed">
            <summary>
            Gets or sets a value indicating whether this instance is pressed.
            </summary>
            <value>
            <c>true</c> if this instance is pressed; otherwise, <c>false</c>.
            </value>
        </member>
        <member name="P:VIP.Kinect.Api.Transport.TUserHand.X">
            <summary>
            Gets or sets the x.
            </summary>
            <value>
            The x.
            </value>
        </member>
        <member name="P:VIP.Kinect.Api.Transport.TUserHand.Y">
            <summary>
            Gets or sets the y.
            </summary>
            <value>
            The y.
            </value>
        </member>
        <member name="P:VIP.Kinect.Api.Transport.TUserHand.PressExtent">
            <summary>
            Gets or sets the press extent.
            </summary>
            <value>
            The press extent.
            </value>
        </member>
        <member name="P:VIP.Kinect.Api.Transport.TUserHand.RawX">
            <summary>
            Gets or sets the raw x.
            </summary>
            <value>
            The raw x.
            </value>
        </member>
        <member name="P:VIP.Kinect.Api.Transport.TUserHand.RawY">
            <summary>
            Gets or sets the raw y.
            </summary>
            <value>
            The raw y.
            </value>
        </member>
        <member name="P:VIP.Kinect.Api.Transport.TUserHand.RawZ">
            <summary>
            Gets or sets the raw z.
            </summary>
            <value>
            The raw z.
            </value>
        </member>
        <member name="M:VIP.Kinect.Api.Transport.Vec3.Lerp(VIP.Kinect.Api.Transport.Vec3,VIP.Kinect.Api.Transport.Vec3,System.Single)">
            <summary>
            Lerps the specified value1.
            </summary>
            <param name="value1">The value1.</param>
            <param name="value2">The value2.</param>
            <param name="amount">The amount.</param>
            <returns></returns>
        </member>
        <member name="M:VIP.Kinect.Api.Transport.Vec3.#ctor">
            <summary>
            Initializes a new instance of the <see cref="T:VIP.Kinect.Api.Transport.Vec3"/> class.
            </summary>
        </member>
        <member name="M:VIP.Kinect.Api.Transport.Vec3.#ctor(System.Single,System.Single,System.Single)">
            <summary>
            Initializes a new instance of the <see cref="T:VIP.Kinect.Api.Transport.Vec3"/> class.
            </summary>
            <param name="x">The x.</param>
            <param name="y">The y.</param>
            <param name="z">The z.</param>
        </member>
        <member name="M:VIP.Kinect.Api.Transport.Vec3.Length">
            <summary>
            Lengthes this instance.
            </summary>
            <returns></returns>
        </member>
        <member name="M:VIP.Kinect.Api.Transport.Vec3.op_Addition(VIP.Kinect.Api.Transport.Vec3,VIP.Kinect.Api.Transport.Vec3)">
            <summary>
            Implements the operator +.
            </summary>
            <param name="value1">The value1.</param>
            <param name="value2">The value2.</param>
            <returns>
            The result of the operator.
            </returns>
        </member>
        <member name="M:VIP.Kinect.Api.Transport.Vec3.op_Subtraction(VIP.Kinect.Api.Transport.Vec3,VIP.Kinect.Api.Transport.Vec3)">
            <summary>
            Implements the operator -.
            </summary>
            <param name="value1">The value1.</param>
            <param name="value2">The value2.</param>
            <returns>
            The result of the operator.
            </returns>
        </member>
        <member name="M:VIP.Kinect.Api.Transport.Vec3.op_Multiply(VIP.Kinect.Api.Transport.Vec3,VIP.Kinect.Api.Transport.Vec3)">
            <summary>
            Implements the operator *.
            </summary>
            <param name="value1">The value1.</param>
            <param name="value2">The value2.</param>
            <returns>
            The result of the operator.
            </returns>
        </member>
        <member name="M:VIP.Kinect.Api.Transport.Vec3.op_Multiply(VIP.Kinect.Api.Transport.Vec3,System.Single)">
            <summary>
            Implements the operator *.
            </summary>
            <param name="value">The value.</param>
            <param name="scaleFactor">The scale factor.</param>
            <returns>
            The result of the operator.
            </returns>
        </member>
        <member name="M:VIP.Kinect.Api.Transport.Vec3.op_Multiply(System.Single,VIP.Kinect.Api.Transport.Vec3)">
            <summary>
            Implements the operator *.
            </summary>
            <param name="scaleFactor">The scale factor.</param>
            <param name="value">The value.</param>
            <returns>
            The result of the operator.
            </returns>
        </member>
        <member name="M:VIP.Kinect.Api.Transport.Vec3.op_Division(VIP.Kinect.Api.Transport.Vec3,VIP.Kinect.Api.Transport.Vec3)">
            <summary>
            Implements the operator /.
            </summary>
            <param name="value1">The value1.</param>
            <param name="value2">The value2.</param>
            <returns>
            The result of the operator.
            </returns>
        </member>
        <member name="M:VIP.Kinect.Api.Transport.Vec3.op_Division(VIP.Kinect.Api.Transport.Vec3,System.Single)">
            <summary>
            Implements the operator /.
            </summary>
            <param name="value">The value.</param>
            <param name="divider">The divider.</param>
            <returns>
            The result of the operator.
            </returns>
        </member>
        <member name="P:VIP.Kinect.Api.Transport.Vec3.X">
            <summary>
            Gets or sets the x.
            </summary>
            <value>
            The x.
            </value>
        </member>
        <member name="P:VIP.Kinect.Api.Transport.Vec3.Y">
            <summary>
            Gets or sets the y.
            </summary>
            <value>
            The y.
            </value>
        </member>
        <member name="P:VIP.Kinect.Api.Transport.Vec3.Z">
            <summary>
            Gets or sets the z.
            </summary>
            <value>
            The z.
            </value>
        </member>
        <member name="T:VIP.Kinect.Api.Transport.WorkingAreaConfiguration">
            <summary>
            FineArea configuration
            </summary>
        </member>
        <member name="M:VIP.Kinect.Api.Transport.WorkingAreaConfiguration.#ctor">
            <summary>
            Initializes a new instance of the <see cref="T:VIP.Kinect.Api.Transport.WorkingAreaConfiguration"/> class.
            </summary>
        </member>
        <member name="M:VIP.Kinect.Api.Transport.WorkingAreaConfiguration.Update(VIP.Kinect.Api.Transport.WorkingAreaConfiguration)">
            <summary>
            Updates the specified configuration.
            </summary>
            <param name="configuration">The configuration.</param>
        </member>
        <member name="P:VIP.Kinect.Api.Transport.WorkingAreaConfiguration.DistanceA">
            <summary>
            Gets or sets the distance from Screen.
            </summary>
            <value>
            The distance a.
            </value>
        </member>
        <member name="P:VIP.Kinect.Api.Transport.WorkingAreaConfiguration.DistanceB">
            <summary>
            Gets or sets the width of the FineArea.
            </summary>
            <value>
            The distance b.
            </value>
        </member>
        <member name="P:VIP.Kinect.Api.Transport.WorkingAreaConfiguration.DistanceC">
            <summary>
            Gets or sets the depth of the FineArea.
            </summary>
            <value>
            The distance c.
            </value>
        </member>
        <member name="P:VIP.Kinect.Api.Transport.WorkingAreaConfiguration.DistanceD">
            <summary>
            Gets or sets the of the working area.
            </summary>
            <value>
            The distance d.
            </value>
        </member>
    </members>
</doc>
