<?xml version="1.0"?>
<application xmlns="http://promo.ameria.de/meta/application/">
  <executable>bwi.exe</executable>
  <warmup>2000</warmup>
  <attributes>
    <attribute>
      <id>worldpack</id>
      <type>resource</type>
      <qualifier>{"format": "resource_pack_bwi"}</qualifier>
      <name>Worlds Pack</name>
      <description>Worlds Pack</description>
    </attribute>
    <attribute>
      <id>configuration</id>
      <type>resource</type>
      <qualifier>{"format": "bwi_configuration"}</qualifier>
      <name>Application Configuration</name>
      <description>Application configuration for the one tower</description>
    </attribute>
    <attribute>
      <id>configname</id>
      <type>string</type>
      <name>The name of the configuration</name>
      <description>The name of configuration for the tower</description>
    </attribute>
    <attribute>
      <id>MainVolume</id>
      <type>string</type>
      <name>Value of volume</name>
      <description>Main volume level in application</description>
    </attribute>
    <attribute>
      <id>VoiceVolume</id>
      <type>string</type>
      <name>Value of background volume</name>
      <description>Volume level of background</description>
    </attribute>
    <attribute>
      <id>EffectVolume</id>
      <type>string</type>
      <name>Value of effects volume</name>
      <description>Volume level of effects</description>
    </attribute>
    <attribute>
      <id>MotionRectangle</id>
      <type>string</type>
      <name>Motion rectangle</name>
      <description>left, top, width, height</description>
    </attribute>
    <attribute>
      <id>KinectCapture</id>
      <type>string</type>
      <name>Kinect Capture Timeout</name>
      <description>Timeout in Seconds.</description>
    </attribute>
  </attributes>
</application>
