﻿<?xml version="1.0" encoding="utf-8" ?>
<states.CommonState
  xmlns:states="bwi.States"
  xmlns:components="bwi.Components"
  Name="Investieren"
  AnalitycsPath="resource">
  <Background>..\GeneralContent\Textures\background_home_a.png</Background>

  <components.InfoPanel Name="Slides" Bounds="0,0,1024,1434">
    <Background></Background>
    <Mask>..\GeneralContent\Textures\SliderBG_Mask.png</Mask>
    <CloseIcon>..\GeneralContent\Textures\Exit.png</CloseIcon>
    <NextIcon>..\GeneralContent\Textures\Right.png</NextIcon>
    <PrevIcon>..\GeneralContent\Textures\Left.png</PrevIcon>

    <components.TemplateComponent Name="slide_1" Width="957" BackgroundImage="">
      <components.ContentSlideItem Name="10_good_reasons_slide_item" TexturePath="Slides\slide_investing-a.png">

        <components.ContentSlideItemButton
          Name="10_good_reasons"
          Icon = "Icons\investing_10good_reasons_off_1.png"
          IconPressed = "Icons\investing_10good_reasons_on_1.png"
          PressSound = "ButtonPress"
          Position="895,493"
          AbsolutePosition = "false"
          MagniteSupport = "true"
          MagnitExtension = "1"
          PushSupport="false"
          PressSupport="false"
          IconInGlobalContent = "false"
          Visible="true"
          CustomProgressColor="200,178,93,255"/>

        <components.ContentSlideItemButton
          Name="facts_figures"
          Icon = "Icons\investing_facts_figures_off_2.png"
          IconPressed = "Icons\investing_facts_Figures_on_2.png"
          PressSound = "ButtonPress"
          Position="895,726"
          AbsolutePosition = "false"
          MagniteSupport = "true"
          MagnitExtension = "1"
          PushSupport="false"
          PressSupport="false"
          IconInGlobalContent = "false"
          Visible="true"
          CustomProgressColor="200,178,93,255"/>

        <components.ContentSlideItemButton
          Name="image_film"
          Icon = "Icons\investing_facts_figures_off_3.png"
          IconPressed = "Icons\investing_image_film_on_3.png"
          PressSound = "ButtonPress"
          Position="895,953"
          AbsolutePosition = "false"
          MagniteSupport = "true"
          MagnitExtension = "1"
          PushSupport="false"
          PressSupport="false"
          IconInGlobalContent = "false"
          Visible="true"
          CustomProgressColor="200,178,93,255"/>

      </components.ContentSlideItem>

      <components.ContentSlideItem Name="facts_figures_slide_item" TexturePath="Slides\slide_investing-b.png" >
        <components.ContentSlideItemButton
          Name="10_good_reasons"
          Icon = "Icons\investing_10good_reasons_off_1.png"
          IconPressed = "Icons\investing_10good_reasons_on_1.png"
          PressSound = "ButtonPress"
          Position="895,493"
          AbsolutePosition = "false"
          MagniteSupport = "true"
          MagnitExtension = "1"
          PushSupport="false"
          PressSupport="false"
          IconInGlobalContent = "false"
          Visible="true"
          CustomProgressColor="200,178,93,255"/>

        <components.ContentSlideItemButton
          Name="facts_figures"
          Icon = "Icons\investing_facts_figures_off_2.png"
          IconPressed = "Icons\investing_facts_Figures_on_2.png"
          PressSound = "ButtonPress"
          Position="895,726"
          AbsolutePosition = "false"
          MagniteSupport = "true"
          MagnitExtension = "1"
          PushSupport="false"
          PressSupport="false"
          IconInGlobalContent = "false"
          Visible="true"
          CustomProgressColor="200,178,93,255"/>

        <components.ContentSlideItemButton
          Name="image_film"
          Icon = "Icons\investing_facts_figures_off_3.png"
          IconPressed = "Icons\investing_image_film_on_3.png"
          PressSound = "ButtonPress"
          Position="895,953"
          AbsolutePosition = "false"
          MagniteSupport = "true"
          MagnitExtension = "1"
          PushSupport="false"
          PressSupport="false"
          IconInGlobalContent = "false"
          Visible="true"
          CustomProgressColor="200,178,93,255"/>
        
      </components.ContentSlideItem>

      <components.ContentSlideItem Name="image_film_slide_item" TexturePath="Slides\slide_investing-c.png" >
        <components.VideoTemplate Name ="image_film" FileName ="Videos\Imagefilm_BW_en.mp4" TargetRectangle="84,441,662,372" Loop ="true" Transparent="false" Volume="1"/>
        <components.ContentSlideItemButton
          Name="10_good_reasons"
          Icon = "Icons\investing_10good_reasons_off_1.png"
          IconPressed = "Icons\investing_10good_reasons_on_1.png"
          PressSound = "ButtonPress"
          Position="895,493"
          AbsolutePosition = "false"
          MagniteSupport = "true"
          MagnitExtension = "1"
          PushSupport="false"
          PressSupport="false"
          IconInGlobalContent = "false"
          Visible="true"
            CustomProgressColor="200,178,93,255"/>

        <components.ContentSlideItemButton
          Name="facts_figures"
          Icon = "Icons\investing_facts_figures_off_2.png"
          IconPressed = "Icons\investing_facts_Figures_on_2.png"
          PressSound = "ButtonPress"
          Position="895,726"
          AbsolutePosition = "false"
          MagniteSupport = "true"
          MagnitExtension = "1"
          PushSupport="false"
          PressSupport="false"
          IconInGlobalContent = "false"
          Visible="true"
            CustomProgressColor="200,178,93,255"/>

        <components.ContentSlideItemButton
          Name="image_film"
          Icon = "Icons\investing_facts_figures_off_3.png"
          IconPressed = "Icons\investing_image_film_on_3.png"
          PressSound = "ButtonPress"
          Position="895,953"
          AbsolutePosition = "false"
          MagniteSupport = "true"
          MagnitExtension = "1"
          PushSupport="false"
          PressSupport="false"
          IconInGlobalContent = "false"
          Visible="true"
            CustomProgressColor="200,178,93,255"/>
        
      </components.ContentSlideItem>
      
    </components.TemplateComponent>

    <components.Sprite Name="Logo" TexturePath="..\GeneralContent\Textures\bw-i_logo.png" OriginType="TopLeft" Position="-20,10" Zindex = "5"/>

    <components.TopNavigationWorldLink
    Name="Investieren"
    Group ="RIGHT"
    CustomProgressColor="200,178,93,255"
    Icon="..\GeneralContent\Textures\small_navi_investing.png"
    IconActive ="..\GeneralContent\Textures\small_navi_investing_active.png"
    IconInGlobalContent="false"
    MagnitExtension="2"
    Position="365,60"
    MagniteSupport="true"
    PushSupport="false"
    PressSupport="false"
                />

    <components.TopNavigationWorldLink
    Name="ArbeitenUndLeben"
    Group ="RIGHT"
    CustomProgressColor="200,178,93,255"
    Icon="..\GeneralContent\Textures\small_navi_WorkingLiving.png"
    IconActive ="..\GeneralContent\Textures\small_navi_WorkingLiving_active.png"
    IconInGlobalContent="false"
    MagnitExtension="2"
    Position="495,60"
    MagniteSupport="true"
    PushSupport="false"
    PressSupport="false"
        />

    <components.TopNavigationWorldLink
    Name="StudierenUndForschen"
    Group ="RIGHT"
    CustomProgressColor="200,178,93,255"
    Icon="..\GeneralContent\Textures\small_navi_StudyResearch.png"
    IconActive ="..\GeneralContent\Textures\small_navi_StudyResearch_active.png"
    IconInGlobalContent="false"
    MagnitExtension="2"
    Position="625,60"
    MagniteSupport="true"
    PushSupport="false"
    PressSupport="false"
        />

    <components.TopNavigationWorldLink
    Name="BadenWurtembergInternational"
    Group ="RIGHT"
    CustomProgressColor="200,178,93,255"
    Icon="..\GeneralContent\Textures\small_navi_bwi.png"
    IconActive ="..\GeneralContent\Textures\small_navi_bwi_active.png"
    IconInGlobalContent="false"
    MagnitExtension="2"
    Position="755,60"
    MagniteSupport="true"
    PushSupport="false"
    PressSupport="false"
        />

    <components.TopNavigationWorldLink
    Name="RealExpo"
    Group ="RIGHT"
    CustomProgressColor="200,178,93,255"
    Icon="..\GeneralContent\Textures\small_navi_ExpoReal.png"
    IconActive ="..\GeneralContent\Textures\small_navi_Expo_active.png"
    IconInGlobalContent="false"
    MagnitExtension="2"
    Position="885,60"
    MagniteSupport="true"
    PushSupport="false"
    PressSupport="false"
        />

  </components.InfoPanel>

</states.CommonState>
