﻿<?xml version="1.0" encoding="utf-8" ?>
<states.Standby
  xmlns:states="bwi.States"
  xmlns:components="bwi.Components"
  Name="Standby"
  AnalitycsPath="resource" IsStandby="true">

  <PreEnterAction></PreEnterAction>
  <PostEnterAction></PostEnterAction>
  <PreLeaveAction></PreLeaveAction>
  <PostLeaveAction></PostLeaveAction>

  <BackgroundOne>..\GeneralContent\Textures\background_home_a.png</BackgroundOne>
  <BackgroundTwo>..\GeneralContent\Textures\background_home-b.png</BackgroundTwo>
  <BackgroundThree>..\GeneralContent\Textures\background_home_c.png</BackgroundThree>

  <Videos ListType="NormalLoop" Name="Videos">
    <Item Name="standby_clip_1" Path="..\GeneralContent\Videos\1-1.mp4" Transparent="true" />
    <Item Name="standby_clip_2" Path="..\GeneralContent\Videos\1-2.mp4" Transparent="true" />
  </Videos>

  <Attraction ListType="NormalLoop" Name="Attraction">
    <Item Name="attraction_clip_1" Path="..\GeneralContent\Videos\1-3.mp4" Transparent="true" />
    <Item Name="attraction_clip_2" Path="..\GeneralContent\Videos\1-1.mp4" Transparent="true"/>
  </Attraction>

  <Activation ListType="NormalLoop" Name="Activation">
    <Item Name="activation_clip_1" Path="..\GeneralContent\Videos\1-4.mp4" Transparent="true" />
    <Item Name="activation_clip_2" Path="..\GeneralContent\Videos\1-4.mp4" Transparent="true"/>
  </Activation>

  <components.Sprite Name="Logo" TexturePath="..\GeneralContent\Textures\bw-i_logo.png" OriginType="TopLeft" Position="-20,10" Zindex = "5"/>

  <components.WorldLinkButton
  Name="Investieren"
  Group ="RIGHT"
  CustomProgressColor="200,178,93,255"
  Icon="Icons\big_navi_invest.png"
  IconInGlobalContent="false"
  MagnitExtension="2"
  Position="893,176"
  MagniteSupport="true"
  PushSupport="false"
  PressSupport="false"
        />

  <components.WorldLinkButton
  Name="ArbeitenUndLeben"
  Group ="RIGHT"
  CustomProgressColor="200,178,93,255"
  Icon="Icons\big_navi_work_live.png"
  IconInGlobalContent="false"
  MagnitExtension="2"
  Position="793,409"
  MagniteSupport="true"
  PushSupport="false"
  PressSupport="false"
        />

  <components.WorldLinkButton
  Name="StudierenUndForschen"
  Group ="RIGHT"
  CustomProgressColor="200,178,93,255"
  Icon="Icons\big_navi_study_research.png"
  IconInGlobalContent="false"
  MagnitExtension="2"
  Position="893,643"
  MagniteSupport="true"
  PushSupport="false"
  PressSupport="false"
        />

  <components.WorldLinkButton
  Name="BadenWurtembergInternational"
  Group ="RIGHT"
  CustomProgressColor="200,178,93,255"
  Icon="Icons\big_navi_bw-i.png"
  IconInGlobalContent="false"
  MagnitExtension="2"
  Position="792,861"
  MagniteSupport="true"
  PushSupport="false"
  PressSupport="false"
        />

  <components.WorldLinkButton
  Name="RealExpo"
  Group ="RIGHT"
  CustomProgressColor="200,178,93,255"
  Icon="Icons\big_navi_expo.png"
  IconInGlobalContent="false"
  MagnitExtension="2"
  Position="893,1100"
  MagniteSupport="true"
  PushSupport="false"
  PressSupport="false"
        />
  
</states.Standby>

