{
	"id": 1278,
	"$schema": "professional.json#?vsl=6b000b9c",
	"created": "2017-08-07T09:41:41.69",
	"updated": "2017-08-07T13:05:10.7207582Z",
	"title": "Composer_HQ_App_1",
	"scenes": [{
			"id": "2",
			"title": "IDLE",
			"events": [{
					"trigger": "goingFromIdle",
					"action": {
						"element": "1",
						"actionType": "show",
						"$schema": "http://vipcomposer.com/schemas/professional.json#/definitions/sceneAction"
					}
				}
			],
			"tags": [],
			"components": [{
					"id": "3",
					"title": "Image",
					"events": [],
					"tags": [],
					"x": 0,
					"y": 0,
					"effects": [],
					"asset": "d063ac13-f59b-46a8-90b3-136bea4a7a7b.png",
					"$schema": "http://vipcomposer.com/schemas/professional.json#/definitions/image"
				}
			],
			"trackShow": true
		}, {
			"id": "1",
			"title": "Scene 1",
			"events": [{
					"trigger": "goingToIdle",
					"action": {
						"element": "2",
						"actionType": "show",
						"$schema": "http://vipcomposer.com/schemas/professional.json#/definitions/sceneAction"
					}
				}
			],
			"tags": [],
			"components": [{
					"id": "5",
					"title": "Video",
					"events": [],
					"tags": [],
					"x": 59,
					"y": 715,
					"asset": "07e4d590-1200-4c12-90cd-5b756f3de7e0.mp4",
					"scale": 1,
					"timers": [],
					"autoStart": true,
					"trackPlay": true,
					"$schema": "http://vipcomposer.com/schemas/professional.json#/definitions/movie"
				}, {
					"id": "H3",
					"title": "Button",
					"events": [],
					"tags": [],
					"x": 356,
					"y": 190,
					"trackShow": true,
					"effects": [],
					"image": "2587670b-1188-4cfc-b9cb-46353b0d99e6.png",
					"isMagnetic": true,
					"$schema": "http://vipcomposer.com/schemas/professional.json#/definitions/button"
				}, {
					"id": "Q3",
					"title": "Cursor",
					"events": [],
					"tags": [],
					"x": 0,
					"y": 0,
					"trackShow": true,
					"texture": "dc766cc6-2731-4a03-b8af-bc78a4f873ff.png",
					"$schema": "http://vipcomposer.com/schemas/professional.json#/definitions/cursor"
				}, {
					"id": "7",
					"title": "Audio",
					"events": [],
					"tags": [],
					"asset": "7d347096-f748-4744-a123-bc32d3cf35e2.mp3",
					"timers": [],
					"trackPlay": true,
					"$schema": "http://vipcomposer.com/schemas/professional.json#/definitions/audio"
				}
			],
			"trackShow": true
		}
	],
	"assets": [{
			"assetId": "1a438857-1a9c-45a0-9a9f-5abef548805a.jpg",
			"mimeType": "image/jpeg",
			"title": "10s.jpg",
			"width": 1080,
			"height": 1920,
			"$schema": "http://vipcomposer.com/schemas/composer.json#/definitions/imageAsset"
		}, {
			"assetId": "2587670b-1188-4cfc-b9cb-46353b0d99e6.png",
			"mimeType": "image/png",
			"title": "Movie_Chromecase_bg.png",
			"width": 291,
			"height": 290,
			"$schema": "http://vipcomposer.com/schemas/composer.json#/definitions/imageAsset"
		}, {
			"assetId": "c800a450-0da2-4be8-9f37-c06200f67d17.jpg",
			"mimeType": "image/jpeg",
			"title": "Library",
			"width": 1024,
			"height": 1434,
			"$schema": "http://vipcomposer.com/schemas/composer.json#/definitions/imageAsset"
		}, {
			"assetId": "dc766cc6-2731-4a03-b8af-bc78a4f873ff.png",
			"mimeType": "image/png",
			"title": "Simple cursor",
			"tags": "cursor.texture",
			"width": 850,
			"height": 150,
			"$schema": "http://vipcomposer.com/schemas/composer.json#/definitions/imageAsset"
		}, {
			"assetId": "ec75b94f-fe9c-472b-8d9f-7802e8984096.png",
			"mimeType": "image/png",
			"title": "Slide_Film_watchever_night.png",
			"width": 1024,
			"height": 1434,
			"$schema": "http://vipcomposer.com/schemas/composer.json#/definitions/imageAsset"
		}, {
			"assetId": "d063ac13-f59b-46a8-90b3-136bea4a7a7b.png",
			"mimeType": "image/png",
			"title": "Gradient",
			"width": 1024,
			"height": 1434,
			"$schema": "http://vipcomposer.com/schemas/composer.json#/definitions/imageAsset"
		}, {
			"assetId": "07e4d590-1200-4c12-90cd-5b756f3de7e0.mp4",
			"mimeType": "video/mp4",
			"title": "ed2445b2-1e99-4099-aa4d-27015029fcef.mp4",
			"width": 962,
			"height": 490,
			"hasAlpha": false,
			"$schema": "http://vipcomposer.com/schemas/composer.json#/definitions/movieAsset"
		}, {
			"assetId": "7d347096-f748-4744-a123-bc32d3cf35e2.mp3",
			"mimeType": "audio/mp3",
			"title": "Der_sound.mp3",
			"$schema": "http://vipcomposer.com/schemas/composer.json#/definitions/audioAsset"
		}
	],
	"width": 1080,
	"height": 1920
}