{
	"id": 1314,
	"$schema": "professional.json#?vsl=fe66d37b",
	"created": "2017-12-27T12:10:55.987",
	"updated": "2017-12-27T12:11:32.1327755Z",
	"title": "Composer_HQ_App_2",
	"scenes": [{
			"id": "5",
			"title": "Scene",
			"events": [],
			"tags": [],
			"components": [{
					"id": "d",
					"title": "Background",
					"events": [],
					"tags": [],
					"visible": false,
					"x": 0,
					"y": 0,
					"effects": [],
					"scale": 1,
					"asset": "c800a450-0da2-4be8-9f37-c06200f67d17.jpg",
					"$schema": "http://vipcomposer.com/schemas/professional.json#/definitions/image"
				}, {
					"id": "8",
					"title": "Image grid",
					"events": [{
							"trigger": "imageGridPushed",
							"action": {
								"element": "b",
								"actionType": "show",
								"$schema": "http://vipcomposer.com/schemas/professional.json#/definitions/sliderAction"
							}
						}
					],
					"tags": [],
					"visible": true,
					"x": 0,
					"y": 0,
					"width": 1080,
					"height": 1920,
					"minRows": 1,
					"maxRows": 7,
					"minCols": 1,
					"maxCols": 4,
					"serviceUrl": "http://52.166.93.78:8080/api/im?tag=porschecentreabudhabi&max=28",
					"$schema": "http://vipcomposer.com/schemas/professional.json#/definitions/imageGrid"
				}, {
					"id": "9",
					"title": "Group",
					"events": [],
					"tags": [],
					"visible": false,
					"x": 0,
					"y": 600,
					"effects": [],
					"components": [{
							"id": "b",
							"title": "Slider",
							"events": [],
							"tags": [],
							"x": 0,
							"y": 0,
							"sequence": "normalLoop",
							"entries": [],
							"autoSwipe": false,
							"autoAdvance": true,
							"slidesSource": "8",
							"$schema": "http://vipcomposer.com/schemas/professional.json#/definitions/slider"
						}, {
							"id": "3",
							"title": "Close button",
							"events": [{
									"trigger": "pushed",
									"action": {
										"element": "9",
										"actionType": "hide",
										"$schema": "http://vipcomposer.com/schemas/professional.json#/definitions/showAction"
									}
								}
							],
							"tags": [],
							"visible": true,
							"x": 0,
							"y": 0,
							"trackShow": true,
							"effects": [],
							"scale": 0.19,
							"image": "05fb2aa4-e051-426d-b438-96fee3b1fc04.png",
							"isMagnetic": true,
							"$schema": "http://vipcomposer.com/schemas/professional.json#/definitions/button"
						}
					],
					"width": 1080,
					"height": 1920,
					"$schema": "http://vipcomposer.com/schemas/professional.json#/definitions/group"
				}, {
					"id": "e",
					"title": "Cursor",
					"events": [],
					"tags": [],
					"x": 0,
					"y": 0,
					"trackShow": true,
					"texture": "dc766cc6-2731-4a03-b8af-bc78a4f873ff.png",
					"$schema": "http://vipcomposer.com/schemas/professional.json#/definitions/cursor"
				}
			]
		}
	],
	"assets": [{
			"assetId": "1a438857-1a9c-45a0-9a9f-5abef548805a.jpg",
			"mimeType": "image/jpeg",
			"title": "10s.jpg",
			"width": 1080,
			"height": 1920,
			"$schema": "http://vipcomposer.com/schemas/composer.json#/definitions/imageAsset"
		}, {
			"assetId": "2587670b-1188-4cfc-b9cb-46353b0d99e6.png",
			"mimeType": "image/png",
			"title": "Movie_Chromecase_bg.png",
			"width": 291,
			"height": 290,
			"$schema": "http://vipcomposer.com/schemas/composer.json#/definitions/imageAsset"
		}, {
			"assetId": "c800a450-0da2-4be8-9f37-c06200f67d17.jpg",
			"mimeType": "image/jpeg",
			"title": "Library",
			"width": 1024,
			"height": 1434,
			"$schema": "http://vipcomposer.com/schemas/composer.json#/definitions/imageAsset"
		}, {
			"assetId": "dc766cc6-2731-4a03-b8af-bc78a4f873ff.png",
			"mimeType": "image/png",
			"title": "Simple cursor",
			"tags": "cursor.texture",
			"width": 850,
			"height": 150,
			"$schema": "http://vipcomposer.com/schemas/composer.json#/definitions/imageAsset"
		}, {
			"assetId": "ec75b94f-fe9c-472b-8d9f-7802e8984096.png",
			"mimeType": "image/png",
			"title": "Slide_Film_watchever_night.png",
			"width": 1024,
			"height": 1434,
			"$schema": "http://vipcomposer.com/schemas/composer.json#/definitions/imageAsset"
		}, {
			"assetId": "d063ac13-f59b-46a8-90b3-136bea4a7a7b.png",
			"mimeType": "image/png",
			"title": "Gradient",
			"width": 1024,
			"height": 1434,
			"$schema": "http://vipcomposer.com/schemas/composer.json#/definitions/imageAsset"
		}, {
			"assetId": "07e4d590-1200-4c12-90cd-5b756f3de7e0.mp4",
			"mimeType": "video/mp4",
			"title": "ed2445b2-1e99-4099-aa4d-27015029fcef.mp4",
			"width": 962,
			"height": 490,
			"hasAlpha": false,
			"$schema": "http://vipcomposer.com/schemas/composer.json#/definitions/movieAsset"
		}, {
			"assetId": "7d347096-f748-4744-a123-bc32d3cf35e2.mp3",
			"mimeType": "audio/mp3",
			"title": "Der_sound.mp3",
			"$schema": "http://vipcomposer.com/schemas/composer.json#/definitions/audioAsset"
		}, {
			"assetId": "7d347096-f748-4744-a123-bc32d3cfinvalid.mp4",
			"mimeType": "audio/mp4",
			"title": "Invalid video",
			"hasAlpha": false,
			"$schema": "http://vipcomposer.com/schemas/composer.json#/definitions/movieAsset"
		}, {
			"assetId": "42c4713f-c2e8-4657-816b-3918099bd581.mp4",
			"mimeType": "video/mp4",
			"title": "97_911_turbo_s_001.mp4",
			"width": 960,
			"height": 540,
			"hasAlpha": false,
			"$schema": "http://vipcomposer.com/schemas/composer.json#/definitions/movieAsset"
		}, {
			"assetId": "9ffa0bdf-bb11-4586-8fde-aa59bc4d4721.jpg",
			"mimeType": "image/jpeg",
			"title": "Video.jpg",
			"width": 200,
			"height": 150,
			"$schema": "http://vipcomposer.com/schemas/composer.json#/definitions/imageAsset"
		}, {
			"assetId": "05fb2aa4-e051-426d-b438-96fee3b1fc04.png",
			"mimeType": "image/png",
			"title": "Close.png",
			"width": 958,
			"height": 951,
			"$schema": "http://vipcomposer.com/schemas/composer.json#/definitions/imageAsset"
		}, {
			"assetId": "ebc13877-a575-4212-ab9c-858b995d4d3f.jpg",
			"mimeType": "image/jpeg",
			"title": "Sea",
			"width": 1024,
			"height": 1434,
			"$schema": "http://vipcomposer.com/schemas/composer.json#/definitions/imageAsset"
		}, {
			"assetId": "4e9004c4-364a-478c-85fd-935a6315a1a5.jpg",
			"mimeType": "image/jpeg",
			"title": "grid-graph-paper-background-30.jpeg",
			"width": 1080,
			"height": 1920,
			"$schema": "http://vipcomposer.com/schemas/composer.json#/definitions/imageAsset"
		}
	],
	"width": 1080,
	"height": 1920
}