﻿<?xml version="1.0" encoding="utf-8" ?>
<states.Home
  xmlns:states="bwi.States"
  xmlns:components="bwi.Components"
  Name="Home"
  AnalitycsPath="resource" IsDefault="true">

  <BackgroundOne>..\GeneralContent\Textures\background_home_a.png</BackgroundOne>
  <BackgroundTwo>..\GeneralContent\Textures\background_home-b.png</BackgroundTwo>
  <BackgroundThree>..\GeneralContent\Textures\background_home_c.png</BackgroundThree>

  <Videos ListType="NormalLoop" Name="Videos">
    <Item Name="home_clip_1" Path="..\GeneralContent\Videos\2-2.mp4" Transparent="true" />
    <Item Name="home_clip_2" Path="..\GeneralContent\Videos\3-1.mp4" Transparent="true" />
    <Item Name="home_clip_3" Path="..\GeneralContent\Videos\4-1.mp4" Transparent="true"/>
    <Item Name="home_clip_4" Path="..\GeneralContent\Videos\4-2.mp4" Transparent="true"/>
    <Item Name="home_clip_5" Path="..\GeneralContent\Videos\5-1.mp4" Transparent="true"/>
    <Item Name="home_clip_6" Path="..\GeneralContent\Videos\6-1.mp4" Transparent="true"/>
  </Videos>

  <components.Sprite Name="Logo" TexturePath="..\GeneralContent\Textures\bw-i_logo.png" OriginType="TopLeft" Position="-20,10" Zindex = "5"/>
  <components.Sprite Name="bg_1" TexturePath="..\GeneralContent\Textures\background_home_a.png" OriginType="TopLeft" Visible="false"/>
  <components.Sprite Name="bg_2" TexturePath="..\GeneralContent\Textures\background_home-b.png" OriginType="TopLeft" Visible="false"/>
  <components.Sprite Name="bg_3" TexturePath="..\GeneralContent\Textures\background_home_c.png" OriginType="TopLeft" Visible="false"/>

  <components.WorldLinkButton
  Name="Investieren"
  Group ="RIGHT"
  CustomProgressColor="200,178,93,255"
  Icon="..\Standby\Icons\big_navi_invest.png"
  IconHover = "Icons\big_navi_invest_active.png"
  IconInGlobalContent="false"
  MagnitExtension="1"
  Position="893,176"
  MagniteSupport="true"
  PushSupport="false"
  PressSupport="false"
        />

  <components.WorldLinkButton
  Name="ArbeitenUndLeben"
  Group ="RIGHT"
  CustomProgressColor="200,178,93,255"
  Icon="..\Standby\Icons\big_navi_work_live.png"
  IconHover = "Icons\big_navi_work_live_active.png"
  IconInGlobalContent="false"
  MagnitExtension="1"
  Position="793,409"
  MagniteSupport="true"
  PushSupport="false"
  PressSupport="false"
        />

  <components.WorldLinkButton
  Name="StudierenUndForschen"
  Group ="RIGHT"
  CustomProgressColor="200,178,93,255"
  Icon="..\Standby\Icons\big_navi_study_research.png"
  IconHover = "Icons\big_navi_study_research_active.png"
  IconInGlobalContent="false"
  MagnitExtension="1"
  Position="893,643"
  MagniteSupport="true"
  PushSupport="false"
  PressSupport="false"
        />


  <components.WorldLinkButton
  Name="BadenWurtembergInternational"
  Group ="RIGHT"
  CustomProgressColor="200,178,93,255"
  Icon="..\Standby\Icons\big_navi_bw-i.png"
  IconHover = "Icons\big_navi_bw-i_active.png"
  IconInGlobalContent="false"
  MagnitExtension="1"
  Position="792,861"
  MagniteSupport="true"
  PushSupport="false"
  PressSupport="false"
        />


  <components.WorldLinkButton
  Name="RealExpo"
  Group ="RIGHT"
  CustomProgressColor="200,178,93,255"
  Icon="..\Standby\Icons\big_navi_expo.png"
  IconHover = "Icons\big_navi_expo_active.png"
  IconInGlobalContent="false"
  MagnitExtension="1"
  Position="893,1100"
  MagniteSupport="true"
  PushSupport="false"
  PressSupport="false"
        />

</states.Home>  