﻿<?xml version="1.0" encoding="utf-8" ?>
<Application>
  <Environment>
    <HandLeftPalm>Environment\\slide_hand_l.png</HandLeftPalm>
    <HandRightPalm>Environment\\slide_hand_r.png</HandRightPalm>
    <HandLeftFist>Environment\\slide_hand_l.png</HandLeftFist>
    <HandRightFist>Environment\\slide_hand_r.png</HandRightFist>

    <HandLeftFillProgress></HandLeftFillProgress>
    <HandRightFillProgress></HandRightFillProgress>
    <Progress>Environment\\loading_progress.png</Progress>
    <ProgressBg></ProgressBg>
    <ProgressTick></ProgressTick>
    <ProgressColorEnabled>true</ProgressColorEnabled>

    <DudeFineArea>Environment\\PositioningFeedback\\finearea_silhuette.png</DudeFineArea>
    <DudePrimary>Environment\\PositioningFeedback\\primary_silhuette.png</DudePrimary>
    <DudeInactive>Environment\\PositioningFeedback\\inactive_silhuette.png</DudeInactive>
    <DudeToCloseUser>Environment\\PositioningFeedback\\toclose_silhuette.png</DudeToCloseUser>

    <BubbleFineArea>Environment\\PositioningFeedback\\finearea_bubble.png</BubbleFineArea>
    <BubblePrimary>Environment\\PositioningFeedback\\primary_bubble.png</BubblePrimary>
    <BubbleInactive>Environment\\PositioningFeedback\\inactive_bubble.png</BubbleInactive>
    <BubbleToCloseUser>Environment\\PositioningFeedback\\toclose_bubble.png</BubbleToCloseUser>

    <Screen>Environment\\PositioningFeedback\\screen.png</Screen>
    <Ground>Environment\\PositioningFeedback\\scene.png</Ground>
    <Cross>Environment\\PositioningFeedback\\cross.png</Cross>

  </Environment>

</Application>