﻿<?xml version="1.0" encoding="utf-8" ?>
<states.CommonState
  xmlns:states="bwi.States"
  xmlns:components="bwi.Components"
  Name="BadenWurtembergInternational"
  AnalitycsPath="resource">
  <Background>..\GeneralContent\Textures\background_home_a.png</Background>

  <components.InfoPanel Name="Slides" Bounds="0,0,1024,1434">
    <Background></Background>
    <Mask>..\GeneralContent\Textures\SliderBG_Mask.png</Mask>
    <CloseIcon>..\GeneralContent\Textures\Exit.png</CloseIcon>
    <NextIcon>..\GeneralContent\Textures\Right.png</NextIcon>
    <PrevIcon>..\GeneralContent\Textures\Left.png</PrevIcon>

    <components.TemplateComponent Name="slide_1" Width="957" BackgroundImage="">
      
      <components.ContentSlideItem Name="about_us_slide_item" TexturePath="Slides\bw-i_slide_a.png">
        
        <components.ContentSlideItemButton
          Name="about_us" 
          Icon = "Icons\bw-i_a_about_us_off_1.png"
          IconPressed = "Icons\bw-i_a_about_us_on_1.png"
          PressSound = "ButtonPress"
          Position="895,493"
          AbsolutePosition = "false"
          MagniteSupport = "true"
          MagnitExtension = "1"
          PushSupport="false"
          PressSupport="false"
          IconInGlobalContent = "false"
          Visible="true"
            CustomProgressColor="200,178,93,255"/>

        <components.ContentSlideItemButton
          Name="discover"
          Icon = "Icons\bw-i_a_discover_bw-i_off_2.png"
          IconPressed = "Icons\bw-i_a_discover_bwi_on_2.png"
          PressSound = "ButtonPress"
          Position="895,726"
          AbsolutePosition = "false"
          MagniteSupport = "true"
          MagnitExtension = "1"
          PushSupport="false"
          PressSupport="false"
          IconInGlobalContent = "false"
          Visible="true"
            CustomProgressColor="200,178,93,255"/>

      </components.ContentSlideItem>
      
      <components.ContentSlideItem Name="discover_slide_item" TexturePath="Slides\bw-1_slide_b.png" >
        <components.VideoTemplate Name ="bwi_eng" FileName ="Videos\BWI_ENG.mp4" TargetRectangle="84,441,662,372" Loop ="true" Transparent="false" Volume="1"/>
        <components.ContentSlideItemButton
          Name="about_us"
          Icon = "Icons\bw-i_a_about_us_off_1.png"
          IconPressed = "Icons\bw-i_a_about_us_on_1.png"
          PressSound = "ButtonPress"
          Position="895,493"
          AbsolutePosition = "false"
          MagniteSupport = "true"
          MagnitExtension = "1"
          PushSupport="false"
          PressSupport="false"
          IconInGlobalContent = "false"
          Visible="true"
            CustomProgressColor="200,178,93,255"/>

        <components.ContentSlideItemButton
          Name="discover"
          Icon = "Icons\bw-i_a_discover_bw-i_off_2.png"
          IconPressed = "Icons\bw-i_a_discover_bwi_on_2.png"
          PressSound = "ButtonPress"
          Position="895,726"
          AbsolutePosition = "false"
          MagniteSupport = "true"
          MagnitExtension = "1"
          PushSupport="false"
          PressSupport="false"
          IconInGlobalContent = "false"
          Visible="true"
            CustomProgressColor="200,178,93,255"/>
      </components.ContentSlideItem>
      
    </components.TemplateComponent>

    <components.Sprite Name="Logo" TexturePath="..\GeneralContent\Textures\bw-i_logo.png" OriginType="TopLeft" Position="-20,10" Zindex = "5"/>

    <components.TopNavigationWorldLink
    Name="Investieren"
    Group ="RIGHT"
    CustomProgressColor="200,178,93,255"
    Icon="..\GeneralContent\Textures\small_navi_investing.png"
    IconActive ="..\GeneralContent\Textures\small_navi_investing_active.png"
    IconInGlobalContent="false"
    MagnitExtension="2"
    Position="365,60"
    MagniteSupport="true"
    PushSupport="false"
    PressSupport="false"
                />

    <components.TopNavigationWorldLink
    Name="ArbeitenUndLeben"
    Group ="RIGHT"
    CustomProgressColor="200,178,93,255"
    Icon="..\GeneralContent\Textures\small_navi_WorkingLiving.png"
    IconActive ="..\GeneralContent\Textures\small_navi_WorkingLiving_active.png"
    IconInGlobalContent="false"
    MagnitExtension="2"
    Position="495,60"
    MagniteSupport="true"
    PushSupport="false"
    PressSupport="false"
        />

    <components.TopNavigationWorldLink
    Name="StudierenUndForschen"
    Group ="RIGHT"
    CustomProgressColor="200,178,93,255"
    Icon="..\GeneralContent\Textures\small_navi_StudyResearch.png"
    IconActive ="..\GeneralContent\Textures\small_navi_StudyResearch_active.png"
    IconInGlobalContent="false"
    MagnitExtension="2"
    Position="625,60"
    MagniteSupport="true"
    PushSupport="false"
    PressSupport="false"
        />

    <components.TopNavigationWorldLink
    Name="BadenWurtembergInternational"
    Group ="RIGHT"
    CustomProgressColor="200,178,93,255"
    Icon="..\GeneralContent\Textures\small_navi_bwi.png"
    IconActive ="..\GeneralContent\Textures\small_navi_bwi_active.png"
    IconInGlobalContent="false"
    MagnitExtension="2"
    Position="755,60"
    MagniteSupport="true"
    PushSupport="false"
    PressSupport="false"
        />

    <components.TopNavigationWorldLink
    Name="RealExpo"
    Group ="RIGHT"
    CustomProgressColor="200,178,93,255"
    Icon="..\GeneralContent\Textures\small_navi_ExpoReal.png"
    IconActive ="..\GeneralContent\Textures\small_navi_Expo_active.png"
    IconInGlobalContent="false"
    MagnitExtension="2"
    Position="885,60"
    MagniteSupport="true"
    PushSupport="false"
    PressSupport="false"
        />

  </components.InfoPanel>
  
</states.CommonState>  